NGAY_BAO_CAO,NGUON,LINK,LOAI,DANH_GIA,MOI
2026-07-08,seryn.vn (Website chính thức),https://seryn.vn/,Website chính thức,Tích cực,
2026-07-08,Facebook: Phòng khám Seryn Việt Nam,https://www.facebook.com/p/Phong-kham-Seryn-100094769671762/,Mạng xã hội,Tích cực,
2026-07-08,VnExpress - Seryn Clinic chuẩn hóa quy trình thăm khám,https://vnexpress.net/seryn-clinic-chuan-hoa-quy-trinh-tham-kham-tre-hoa-da-5048687.html,Báo chí PR,Tích cực,
2026-07-08,seryn.vn - Đội ngũ y bác sĩ (MỚI),https://seryn.vn/experts/doi-ngu-y-bac-si/,Website chính thức,Tích cực,✓
2026-07-08,VietnamNet - Trải nghiệm trẻ hóa da cao cấp,https://vietnamnet.vn/trai-nghiem-tre-hoa-da-cao-cap-tai-seryn-clinic-2529809.html,Báo chí PR,Tích cực,
2026-07-08,YAN.vn - Điều gì giúp Seryn Clinic nổi bật,https://www.yan.vn/dieu-gi-giup-seryn-clinic-noi-bat-giua-thi-truong-lam-dep-dang-bao-hoa-333818.html,Báo chí PR,Tích cực,
2026-07-08,TheThaoVanHoa - Điều gì giúp Seryn Clinic nổi bật,https://thethaovanhoa.vn/dieu-gi-giup-seryn-clinic-noi-bat-giua-thi-truong-lam-dep-dang-bao-hoa-20260515100741387.htm,Báo chí PR,Tích cực,
2026-07-08,Blog seryn.vn - Môi nhiều nếp nhăn,https://seryn.vn/blog-detail/moi-nhieu-nep-nhan/,Website - Blog,Tích cực,
2026-07-08,TimPhongKham.vn (danh bạ),https://timphongkham.vn/clinics/15247-phong-kham-da-khoa-seryn,Directory,Trung tính,
2026-07-08,seryn.vn - Landing Trẻ Hóa Sera Core 2026,https://seryn.vn/landing/2026/tre-hoa-sera-core.html,Website chính thức,Tích cực,
2026-07-08,Dep.com.vn - Khi trẻ hóa không phải chuyện của làn da,https://dep.com.vn/khi-tre-hoa-khong-phai-chuyen-cua-lan-da/,Báo chí PR,Tích cực,
2026-07-08,Dep.com.vn - Bác sĩ CKI Vũ Trung Hiếu,https://dep.com.vn/bac-si-cki-vu-trung-hieu-mot-nep-nhan-khach-hang-nhin-thay-doi-khi-chi-la-phan-noi-cua-su-lao-hoa/,Báo chí PR,Tích cực,
2026-07-08,AFamily - Trẻ hóa gương mặt,https://afamily.vn/tre-hoa-guong-mat-vi-sao-nhung-lieu-trinh-rieng-le-khong-con-duoc-ua-chuong-236260318171908185.chn,Báo chí PR,Tích cực,
2026-07-08,TopCV - Công ty CP Quốc tế Medpro Asia,https://www.topcv.vn/cong-ty/cong-ty-co-phan-quoc-te-medpro-asia/254685.html,Directory,Trung tính,
2026-07-08,VietnamNet - Trẻ hóa không đến từ skincare thông thường,https://vietnamnet.vn/tre-hoa-khong-den-tu-skincare-thong-thuong-su-that-phai-dep-it-biet-2503099.html,Báo chí PR,Tích cực,
2026-07-08,Blog seryn.vn - Nếp nhăn trên trán phụ nữ,https://seryn.vn/blog-detail/nep-nhan-tren-tran-phu-nu/,Website - Blog,Tích cực,
2026-07-08,Blog seryn.vn - Nâng cơ mặt có hại không,https://seryn.vn/blog-detail/nang-co-mat-co-hai-khong/,Website - Blog,Tích cực,
2026-07-08,Blog seryn.vn - Cách giảm nếp nhăn ở tay,https://seryn.vn/blog-detail/cach-giam-nep-nhan-o-tay/,Website - Blog,Tích cực,
2026-07-08,Blog seryn.vn - Chống lão hóa da mặt 9 cách,https://seryn.vn/blog-detail/chong-lao-hoa-da-mat-9-cach-ngua-nep-nhan-hieu-qua/,Website - Blog,Tích cực,
2026-07-08,Blog seryn.vn - Mỹ phẩm Sulwhasoo có tốt không (MỚI),https://seryn.vn/blog-detail/my-pham-sulwhasoo-co-tot-khong-review-chi-tiet-cho-da-25/,Website - Blog,Tích cực,✓
2026-07-08,Blog seryn.vn - Cách xóa nếp nhăn ở cổ,https://seryn.vn/blog-detail/nep-nhan-o-co/,Website - Blog,Tích cực,
2026-07-08,Blog seryn.vn - 4 kiểu nếp nhăn ở nách (MỚI),https://seryn.vn/blog-detail/nep-nhan-o-nach/,Website - Blog,Tích cực,✓
2026-07-08,Eva.vn - Hội đồng Y khoa SERYN Clinic,https://eva.vn/bi-quyet-lam-dep/hoi-dong-y-khoa-seryn-clinic-tien-phong-mo-goc-nhin-moi-trong-tre-hoa-lan-da-tai-viet-nam-c280a664272.html,Báo chí PR,Tích cực,
2026-07-08,Arttimes.vn - Hội đồng Y khoa SERYN Clinic,https://arttimes.vn/nhip-cau-doanh-nghiep/hoi-dong-y-khoa-seryn-clinic-tien-phong-mo-goc-nhin-moi-trong-tre-hoa-lan-da-tai-viet-nam-c56a75643.html,Báo chí PR,Tích cực,
2026-07-08,VnExpress Tag Seryn Clinic,https://vnexpress.net/tag/seryn-clinic-1890677,Báo chí - Tag,Trung tính,
2026-07-08,DeepAI Profile,https://deepai.org/profile/serynclinic,Directory,Trung tính,
2026-07-08,FB: Thanh Xuân - Phòng khám Seryn Việt Nam,https://www.facebook.com/profile.php/?id=61551500829974,Facebook nhân sự,Tích cực,
2026-07-08,FB: Thanh Xuân - Seryn Clinic Việt Nam,https://www.facebook.com/profile.php/?id=61551825290264,Facebook nhân sự,Tích cực,
2026-07-08,FB: Lại Minh Hiếu - Phòng khám Seryn Việt Nam,https://www.facebook.com/61551700769618,Facebook chuyên gia,Tích cực,
2026-07-08,FB: Chuyên gia sắc đẹp Lại Minh Hiếu - Seryn Việt Nam,https://www.facebook.com/61550128392717,Facebook chuyên gia,Tích cực,
2026-07-08,FB: Chuyên gia sắc đẹp Lại Minh Hiếu - Seryn Clinic,https://www.facebook.com/p/Chuyen-gia-sac-dep-Lai-Minh-Hieu-Seryn-Clinic-61550115911294/,Facebook chuyên gia,Tích cực,
2026-07-08,YouTube: Phòng Khám Đa Khoa SERYN,https://www.youtube.com/channel/UCojQ10-ZUGAt4hOpbMqaIZA/about,YouTube chính thức,Tích cực,
2026-07-08,TikTok chính thức - chưa tìm thấy,—,Chưa xác định,Trung tính,
2026-07-08,CẢNH BÁO ĐỎ hôm nay,KHÔNG PHÁT HIỆN,—,An toàn,
2026-07-08,"VÀNG - Chi nhánh Hà Nội (GPHĐ khác, carry-forward)",seryn.vn / AI search overview,Cần xác minh,Trung tính,
2026-07-08,"VÀNG - 2 ID Facebook 'Thanh Xuân' (carry-forward, chờ xác nhận nội bộ)",xem 2 link FB Thanh Xuân ở trên,Cần xác minh,Trung tính,
